{
  "sheetWidth": 3695.4341,
  "sheetHeight": 2870.9141,
  "cardWidth": 238.11099,
  "cardHeight": 332.59947,
  "cards": {
    "CLUB-1": {
      "x": -1913.26,
      "y": 1167.5,
      "w": 238.11099,
      "h": 332.59947
    },
    "CLUB-2": {
      "x": -1908.25,
      "y": 1167.5,
      "w": 238.11099,
      "h": 332.59947
    },
    "CLUB-3": {
      "x": -1903.25,
      "y": 1167.5,
      "w": 238.11099,
      "h": 332.59947
    },
    "CLUB-4": {
      "x": -1898.24,
      "y": 1167.5,
      "w": 238.11099,
      "h": 332.59947
    },
    "CLUB-5": {
      "x": -1893.23,
      "y": 1167.5,
      "w": 238.11099,
      "h": 332.59947
    },
    "CLUB-6": {
      "x": -1888.22,
      "y": 1167.5,
      "w": 238.11099,
      "h": 332.59947
    },
    "CLUB-7": {
      "x": -1883.22,
      "y": 1167.5,
      "w": 238.11099,
      "h": 332.59947
    },
    "CLUB-8": {
      "x": -1878.21,
      "y": 1167.5,
      "w": 238.11099,
      "h": 332.59947
    },
    "CLUB-9": {
      "x": -1873.2,
      "y": 1167.5,
      "w": 238.11099,
      "h": 332.59947
    },
    "CLUB-10": {
      "x": -1868.2,
      "y": 1167.5,
      "w": 238.11099,
      "h": 332.59947
    },
    "CLUB-11-JACK": {
      "x": 66.5642,
      "y": -0.543036,
      "w": 238.11099,
      "h": 332.59947
    },
    "CLUB-12-QUEEN": {
      "x": -1858.18,
      "y": 1167.5,
      "w": 238.11099,
      "h": 332.59947
    },
    "CLUB-13-KING": {
      "x": -1853.18,
      "y": 1167.5,
      "w": 238.11099,
      "h": 332.59947
    },
    "DIAMOND-1": {
      "x": -1910.51,
      "y": 1108.11,
      "w": 238.11099,
      "h": 332.59947
    },
    "DIAMOND-2": {
      "x": -1904.24,
      "y": 1108.11,
      "w": 238.11099,
      "h": 332.59947
    },
    "DIAMOND-3": {
      "x": -1897.97,
      "y": 1108.11,
      "w": 238.11099,
      "h": 332.59947
    },
    "DIAMOND-4": {
      "x": -1891.7,
      "y": 1108.11,
      "w": 238.11099,
      "h": 332.59947
    },
    "DIAMOND-5": {
      "x": -1885.43,
      "y": 1108.11,
      "w": 238.11099,
      "h": 332.59947
    },
    "DIAMOND-6": {
      "x": -1879.16,
      "y": 1108.11,
      "w": 238.11099,
      "h": 332.59947
    },
    "DIAMOND-7": {
      "x": -1872.89,
      "y": 1108.11,
      "w": 238.11099,
      "h": 332.59947
    },
    "DIAMOND-8": {
      "x": -1866.62,
      "y": 1108.11,
      "w": 238.11099,
      "h": 332.59947
    },
    "DIAMOND-9": {
      "x": -1860.35,
      "y": 1108.11,
      "w": 238.11099,
      "h": 332.59947
    },
    "DIAMOND-10": {
      "x": -1854.08,
      "y": 1108.11,
      "w": 238.11099,
      "h": 332.59947
    },
    "DIAMOND-11-JACK": {
      "x": -1847.81,
      "y": 1108.11,
      "w": 238.11099,
      "h": 332.59947
    },
    "DIAMOND-12-QUEEN": {
      "x": -1841.54,
      "y": 1108.11,
      "w": 238.11099,
      "h": 332.59947
    },
    "DIAMOND-13-KING": {
      "x": 6154.81,
      "y": 1375.76,
      "w": 238.11099,
      "h": 332.59947
    },
    "HEART-1": {
      "x": -1885.29,
      "y": 1495.37,
      "w": 238.11099,
      "h": 332.59947
    },
    "HEART-2": {
      "x": -1902.08,
      "y": 1495.37,
      "w": 238.11099,
      "h": 332.59947
    },
    "HEART-3": {
      "x": -1918.87,
      "y": 1495.37,
      "w": 238.11099,
      "h": 332.59947
    },
    "HEART-4": {
      "x": -1935.66,
      "y": 1495.37,
      "w": 238.11099,
      "h": 332.59947
    },
    "HEART-5": {
      "x": -1952.45,
      "y": 1495.37,
      "w": 238.11099,
      "h": 332.59947
    },
    "HEART-6": {
      "x": -1969.25,
      "y": 1495.37,
      "w": 238.11099,
      "h": 332.59947
    },
    "HEART-7": {
      "x": -1986.04,
      "y": 1495.37,
      "w": 238.11099,
      "h": 332.59947
    },
    "HEART-8": {
      "x": -2002.83,
      "y": 1495.37,
      "w": 238.11099,
      "h": 332.59947
    },
    "HEART-9": {
      "x": -2019.62,
      "y": 1495.37,
      "w": 238.11099,
      "h": 332.59947
    },
    "HEART-10": {
      "x": -2036.42,
      "y": 1495.37,
      "w": 238.11099,
      "h": 332.59947
    },
    "HEART-11-JACK": {
      "x": -1863.19,
      "y": 1147.56,
      "w": 238.11099,
      "h": 332.59947
    },
    "HEART-12-QUEEN": {
      "x": -1858.18,
      "y": 1147.56,
      "w": 238.11099,
      "h": 332.59947
    },
    "HEART-13-KING": {
      "x": 78.7078,
      "y": -19.4135,
      "w": 238.11099,
      "h": 332.59947
    },
    "SPADE-1": {
      "x": -1771.39,
      "y": 1220.88,
      "w": 238.11099,
      "h": 332.59947
    },
    "SPADE-2": {
      "x": -1830.06,
      "y": 1220.88,
      "w": 238.11099,
      "h": 332.59947
    },
    "SPADE-3": {
      "x": -1888.73,
      "y": 1220.88,
      "w": 238.11099,
      "h": 332.59947
    },
    "SPADE-4": {
      "x": -1947.4,
      "y": 1220.88,
      "w": 238.11099,
      "h": 332.59947
    },
    "SPADE-5": {
      "x": -2006.07,
      "y": 1220.88,
      "w": 238.11099,
      "h": 332.59947
    },
    "SPADE-6": {
      "x": -2064.74,
      "y": 1220.88,
      "w": 238.11099,
      "h": 332.59947
    },
    "SPADE-7": {
      "x": -2123.4,
      "y": 1220.88,
      "w": 238.11099,
      "h": 332.59947
    },
    "SPADE-8": {
      "x": -2182.07,
      "y": 1220.88,
      "w": 238.11099,
      "h": 332.59947
    },
    "SPADE-9": {
      "x": -2240.74,
      "y": 1220.88,
      "w": 238.11099,
      "h": 332.59947
    },
    "SPADE-10": {
      "x": -2299.41,
      "y": 1220.88,
      "w": 238.11099,
      "h": 332.59947
    },
    "SPADE-11-JACK": {
      "x": -1863.19,
      "y": 1127.62,
      "w": 238.11099,
      "h": 332.59947
    },
    "SPADE-12-QUEEN": {
      "x": -1858.18,
      "y": 1127.62,
      "w": 238.11099,
      "h": 332.59947
    },
    "SPADE-13-KING": {
      "x": -1853.18,
      "y": 1127.62,
      "w": 238.11099,
      "h": 332.59947
    }
  }
}